STATE,COUNTY,NAME,ACC_X,ACC_Y,OWNER,CITY,TYPE,PURPOSE,MGD MAX,START DESAL,DISPOSAL CONCENTRATE,WATER SOURCE,DESAL REASON / TREATMENT,CONCENTRATE POST-TREATMENT,DESAL DESIGN PRODUCTION (mgd),DESAL AVERAGE PRODUCTION (mgd),PLANT DESIGN PRODUCTION (mgd),PLANT AVERAGE PRODUCTION (mgd),BLENDING?,RAW WATER TDS OR CONDUCTIVITY,PRE-TREATMENT,FEED PRESSURE TO DESAL (psi),MEMBRANE RECOVERY (%),PERMEATE TDS OR CONDUCTIVITY,BLEND TDS OR CONDUCTIVITY,BLEND RATIO (PERMEATE : OTHER),BLEND WATER SOURCE,PERMEATE POST-TREATMENT,AGE OF MEMBRANE / LAST REPLACEMENT (yr),FATE OF WASTEWATER CLEANING,FATE OF WASTE BACKWASH,SOURCE SECTION,SOURCE EXCEL ROW,soil_match_status,soil_match_method,soil_match_distance_km,soil_match_area_symbol,soil_match_folder,soil_match_zip,soil_match_mukey,soil_match_musym,soil_match_longitude,soil_match_latitude,soil_match_polygon_acres,soil_match_note
CA,ALAMEDA,RARE Richmond Adv. Recycled Expansion,,,south Coast Water District (SCWD),none,Microfiltration / reverse osmosis,Wastewater treatment plant,3.5,2010,goes to Chevron wastewater treatment plant after primary treatment; final effluent: some to wetlands; some goes to ocean outfall to San Pablo Bay,secondary effluent,for reuse,treatment at refinery WWTP,3.5,3.2,none,none,no,600-700 mg/L TDS equivalent,"Amiad filters, MF, cartridge filters",150-200,85,none,none,none,none,sent to Chevron for reuse in boilers,~ 5 years,"neutralization, sewer",none,CALIFORNIA FACILITIES,47,skipped,missing_coordinates,,,,,,,,,,missing ACC_X or ACC_Y
CA,LOS ANGELES,Cal Pomona WTP,34.0547907777059,-117.824116325419,Cal Pomona Department of Water Operations,none,Reverse osmosis,Drinking water,0.41,2017,brine lie to Los Angeles sanitation,Groundwater,more sustainable water supply,none,0.41,none,none,none,yes,800 mg/L TDS equivalent,"antiscalant, cartridge filters",120,75,none,none,~ 3 : 1,bypass,"pH adjustment, CO2 stripping, chlorine",none,none,none,CALIFORNIA FACILITIES,35,matched,polygon_contains,0.000000,CA696,CA696,/home/kdd1/jliu/Water_Hub/Soil_data/public_data_ssurgo_zips/CA696/wss_SSA_CA696_soildb_US_2003_[2025-09-08].zip,2513719,1141,-117.82445923,34.05539665,39.5155,sample coordinate falls inside this SSURGO map-unit polygon
CA,LOS ANGELES,Signal Hill WTP,33.80865968996,-118.164983255928,City of Signal Hill,Signal Hill,Nanofiltration,Drinking water,1.8,2017,Sewer discharge,Groundwater,color,none,1.8,0.9 (running 1 of 2 skids),none,none,no,none,cartridge filters,77,98,none,none,none,none,none,on original membranes,sewer,none,CALIFORNIA FACILITIES,37,matched,polygon_contains,0.000000,CA696,CA696,/home/kdd1/jliu/Water_Hub/Soil_data/public_data_ssurgo_zips/CA696/wss_SSA_CA696_soildb_US_2003_[2025-09-08].zip,2441746,1131,-118.16521980,33.80600375,716.1705,sample coordinate falls inside this SSURGO map-unit polygon
CA,ORANGE,Aliso Creek WRF,33.5178944694497,-117.736847817036,South Coast Water District (SCWD),none,Ultrafiltration / reverse osmosis,Water reclamation facility,0.65,2015,Coastal Treatment Plant Ocean Outfall,"from SCWD Advanced Water Treatment Facility (sand filter, chlorination) via their reservoir)","total dissolved solids, nitrate, hardness; for reuse",none,0.65,0.5,none,none,no,1100-1500 mg/L TDS equivalent,"chlorine, UF, cartridge filter, acid, antiscalant",165-230,80 (RO); 85 (UF),800 mg/l,none,none,none,decarbonation; then pumped to AWT system to reduce salinity,on original membranes,"neutralization, sewer",none,CALIFORNIA FACILITIES,40,matched,polygon_contains,0.000000,CA678,CA678,/home/kdd1/jliu/Water_Hub/Soil_data/public_data_ssurgo_zips/CA678/wss_SSA_CA678_soildb_US_2003_[2025-09-08].zip,458034,133,-117.73515508,33.51741174,15.1132,sample coordinate falls inside this SSURGO map-unit polygon
CA,ORANGE,Wells 21/22 Desalter,33.6646942251304,-117.839189806168,Irvine Ranch Water District,none,Reverse osmosis,Drinking water,1.44,2013,Orange County Sanitation District / HUNTINGTON BEACH ocean outfall,Groundwater,"nitrate, total dissolved solids",none,1.44,0.29000000000000000,none,none,yes,790-820 mg/L TDS equivalent,"antiscalant, cartridge filters",145-175 (depends on wells used),85,300-350 µS/cm,none,currently 77 : 23,bypass,"ph. adjustment (caustic), chloramination",on original membranes,same as concentrate,none,CALIFORNIA FACILITIES,44,matched,polygon_contains,0.000000,CA678,CA678,/home/kdd1/jliu/Water_Hub/Soil_data/public_data_ssurgo_zips/CA678/wss_SSA_CA678_soildb_US_2003_[2025-09-08].zip,458111,210,-117.84176370,33.66923500,187.4961,sample coordinate falls inside this SSURGO map-unit polygon
CA,ORANGE,Mesa Water Reliability Facility,33.6871144048746,-117.914738287834,Mesa Water District,Costa Mesa,Nanofiltration,Drinking water,8.6,2012,sewer; some concentrate is recycled,Groundwater,color,antifoam agent,8.6,none,none,none,no,390-460 mg/L TDS equivalent,"sand filter, antiscalant, cartridge filters",none,98,none,none,none,none,"pH adjustment, air stripping, pH adjustment again, chloramination",on original membranes,sewer,none,CALIFORNIA FACILITIES,45,matched,polygon_contains,0.000000,CA678,CA678,/home/kdd1/jliu/Water_Hub/Soil_data/public_data_ssurgo_zips/CA678/wss_SSA_CA678_soildb_US_2003_[2025-09-08].zip,458085,184,-117.87008690,33.68973883,4039.9090,sample coordinate falls inside this SSURGO map-unit polygon
CA,SAN BERNARDINO,Wochholz Regional WRF,34.0022706400101,-117.07542557369,Yucaipa Valley Water District,none,Microfiltration / reverse osmosis,Water reclamation facility,2,2017,"some brine line, some recycle",Groundwater,for reuse,none,2,2,8,4,yes,none,"acid, antiscalant, cartridge filters",80,80,no target,no target,~ 1 : 1,bypass after MF,"blend, UV",none,none,none,CALIFORNIA FACILITIES,36,matched,nearest_centroid,0.342425,CA677,CA677,/home/kdd1/jliu/Water_Hub/Soil_data/public_data_ssurgo_zips/CA677/wss_SSA_CA677_soildb_US_2003_[2025-09-08].zip,457982,SaD,-117.07268427,34.00434882,5.1245,no containing polygon found; nearest centroid within 10 km
CA,SAN BERNARDINO,Irwin Water Works,35.2626871909087,-116.684797341403,Fort Irwin,Fort Irwin,primarily electrodialysis reversal (electrodialysis reversal / microfiltration / reverse osmosis / evaporation),Drinking water,6,2016,Evaporation pond,Groundwater,"highly variable flow and complexity; nitrate, silica, total dissolved solids, fluoride, arsenic","EDR concentrate is lime softened, followed by MF, RO, IX, MVC evaporation",6,1.0-2.0,6,1.0-2.0,no,720 mg/L TDS equivalent,"chlorination, cartridge filters before EDR; degasification, stripper prior to MF/RO, IX before evaporator",none,92 (EDR); ~99+ overall,100,none,none,none,"CO2, lime, chlorine",EDR membrane not replaced; 3rd stage RO replaced after 18 months,evaporation pond,evaporation pond,CALIFORNIA FACILITIES,38,matched,polygon_contains,0.000000,CA697,CA697,/home/kdd1/jliu/Water_Hub/Soil_data/public_data_ssurgo_zips/CA697/wss_SSA_CA697_soildb_US_2003_[2025-09-08].zip,466596,220,-116.70234823,35.23706733,5506.7880,sample coordinate falls inside this SSURGO map-unit polygon
CA,SAN DIEGO,Carlsbad Desal Project,33.1386145433163,-117.334699024503,none,Carlsbad,Seawater reverse osmosis,Drinking water,50,2015,Outfall,Seawater,need/demand for drinking water,none,54,50,54,50,none,none,"multimedia filter, cartridge filters, microfiltration",none,50,none,NA,none,none,"stabilization, disinfection (chloramination), carbon dioxide, lime, fluoride",on original membranes,none,none,CALIFORNIA FACILITIES,39,matched,polygon_contains,0.000000,CA638,CA638,/home/kdd1/jliu/Water_Hub/Soil_data/public_data_ssurgo_zips/CA638/wss_SSA_CA638_soildb_US_2003_[2025-09-08].zip,456877,MlC,-117.32673791,33.13080914,791.4030,sample coordinate falls inside this SSURGO map-unit polygon
CA,SAN LUIS OBISPO,Cambria Sustainable Water Facility,35.5974231543197,-121.118471216721,Cambria Community Services District (CCSD),Cambria,Reverse osmosis,Drinking water,0.6,2014,Evaporation pond,Groundwater,originally for emergency supply; has been offline; may undergo system redesign,none,none,none,none,none,none,none,none,none,none,none,none,none,none,none,none,none,none,CALIFORNIA FACILITIES,42,matched,polygon_contains,0.000000,CA664,CA664,/home/kdd1/jliu/Water_Hub/Soil_data/public_data_ssurgo_zips/CA664/wss_SSA_CA664_soildb_US_2003_[2025-09-08].zip,457169,197,-121.11926567,35.60248006,172.6005,sample coordinate falls inside this SSURGO map-unit polygon
CA,SANTA MONICA,Santa Monica Water Treatment Works,34.0439229768808,-118.466320701309,City of Santa Monica,Santa Monica,Reverse osmosis,Drinking water,10,2011,Sewer discharge,Groundwater,total dissolved solids,none,10,6.9,none,none,yes,500 mg/L TDS equivalent,"greensand filter, GAC, cartridge filters, antiscalant",90,82,200 µS/cm,~ 400 µS/cm,80 : 20,bypass after same filtering process,"blend, air stripper, caustic, fluoride, chloramination",~ 6 years,sewer,none,CALIFORNIA FACILITIES,46,no_match,no_candidate_soil_files,,,,,,,,,,no downloaded SSURGO files found for this state/county search
CA,VENTURA,Advanced Water Purification Facility,34.145607982535,-119.183321735652,City of Oxnard,Oxnard,Microfiltration / reverse osmosis / advanced oxidation process,Wastewater treatment plant,6.25,2015,brine line to Huemene outfall,secondary effluent,for reuse,none,6.25,based on demand; high flow avg. = ~4; low flow avg. ~ 1-2,none,none,no,1280-2240 mg/L TDS equivalent,"cartridge filter, chlorination, MF",40,depends on demand; 85% at high flow,none,none,none,none,"UV, pH adjustment by decarbonation and lime",on original membranes,none,none,CALIFORNIA FACILITIES,41,matched,polygon_contains,0.000000,CA674,CA674,/home/kdd1/jliu/Water_Hub/Soil_data/public_data_ssurgo_zips/CA674/wss_SSA_CA674_soildb_US_2003_[2025-09-08].zip,3295649,Cd,-119.17560509,34.14669614,798.8536,sample coordinate falls inside this SSURGO map-unit polygon
CA,VENTURA,Round Mountain Desalter,34.1644915318041,-119.052832416352,Camrosa Water District,Camrosa,Reverse osmosis,Drinking water,1,2014,brine line to Huemene outfall,Groundwater,"total dissolved solids, increased water demand, reduces import need",none,1,close to 1,none,none,yes,1200 mg/L TDS equivalent,"Fe/Mn oxidation (chlorine), dechlorination, antiscalant, cartridge filters",125-150,75,none,none,~ 600 : 85,bypass,"blend, pH adjustment (caustic), chloramination",had membranes replaced under warranty during start-up due to start-up issues,"neutralization, sewer",none,CALIFORNIA FACILITIES,43,matched,polygon_contains,0.000000,CA674,CA674,/home/kdd1/jliu/Water_Hub/Soil_data/public_data_ssurgo_zips/CA674/wss_SSA_CA674_soildb_US_2003_[2025-09-08].zip,457751,Pa,-119.05123983,34.16535441,49.4522,sample coordinate falls inside this SSURGO map-unit polygon
CO,none,Sterling WTF,40.6677504931184,-103.129170126228,City of Sterling,Sterling,Reverse osmosis,Drinking water,9.6,2013,Deep well injection / sewer discharge,Groundwater,"total dissolved solids, uranium, hardness","25 µ filter, antiscalant",9.6,4,none,none,yes,448-1216 mg/L TDS equivalent,"antiscalant, cartridge filters",112-130,82,none,none,80 : 20,same wells except for one that goes directly to RO; filtered to 1 µ,"bioscrub to remove odor, stabilization, disinfection, pH adjustment",none,none,none,Sheet1_table_04,92,matched,polygon_contains,0.000000,CO075,CO075,/home/kdd1/jliu/Water_Hub/Soil_data/public_data_ssurgo_zips/CO075/wss_SSA_CO075_soildb_US_2003_[2025-08-29].zip,94477,115,-103.02895548,40.64509374,94085.4308,sample coordinate falls inside this SSURGO map-unit polygon
CO,none,Northern WTP,39.94365165303,-104.759669170116,ECCV Water & Sanitation District,East Cherry Creek,Reverse osmosis,Drinking water,7,2012,Deep well injection,Groundwater,"total dissolved solids, hardness",none,7,6.5,11,7.7,yes,900-1100 mg/L TDS equivalent,"antiscalant, 5 µ cartridge filter",140-170,75,none,250-300 mg/l,70:30,UV treated bypass,"disinfection (hypochlorite), pH adjustment (caustic)",low pressure membrane are original; one replacement on one high pressure skid,none,none,Sheet1_table_04,95,matched,polygon_contains,0.000000,CO001,CO001,/home/kdd1/jliu/Water_Hub/Soil_data/public_data_ssurgo_zips/CO001/wss_SSA_CO001_soildb_US_2003_[2025-08-29].zip,816537,W,-104.76446434,39.94342551,1726.5994,sample coordinate falls inside this SSURGO map-unit polygon
CO,none,Arapahoe County ACWWA WPP,39.5690725610014,-104.805390608344,Arapahoe County Water and WW Authority,Centennial,Reverse osmosis,Drinking water,9,2010,Surface water discharge,Groundwater,none,none,none,none,none,none,yes,none,none,none,none,none,none,none,MF permeate,none,none,none,none,Sheet1_table_04,102,matched,polygon_contains,0.000000,CO005,CO005,/home/kdd1/jliu/Water_Hub/Soil_data/public_data_ssurgo_zips/CO005/wss_SSA_CO005_soildb_US_2003_[2025-08-29].zip,94147,RhD,-104.80344263,39.56784821,29.3817,sample coordinate falls inside this SSURGO map-unit polygon
FL,BROWARD,NSID NF WTP,26.2955411565297,-80.2554968359172,North Springs Water Improvement District,Coral Springs,Nanofiltration,Drinking water,6.75,2016,Sewer discharge,Groundwater,"taste and odor, total organic carbon, hardness, hydrogen sulfide",none,none,none,none,none,yes,none,"strainer, cartridge filter, H2SO4, scale inhibitor",none,none,none,none,80 to 95 % permeate,source water after cartridge filter,"H2SO4, degasification (for H2S), hypochlorite; NaOH of pH stability; corrosion inhibitor; ammonium sulfite to form chloramine to reduce DBP formation",none,none,none,FLORIDA FACILIITIES,11,matched,polygon_contains,0.000000,FL606,FL606,/home/kdd1/jliu/Water_Hub/Soil_data/public_data_ssurgo_zips/FL606/wss_SSA_FL606_soildb_FL_2003_[2025-08-29].zip,1389877,12,-80.22403533,26.30610692,5007.0939,sample coordinate falls inside this SSURGO map-unit polygon
FL,BROWARD,Coral Springs IMP Dist./DIW++ CSID,26.2461641383027,-80.2621909776429,Coral Springs Improvement District,Coral Springs,Reverse osmosis,Drinking water,6.75,2016,Deep well injection (discharge is to tail end of wastewater treatment plant for Deep well injection),Groundwater,better water quality,none,6.75,~4,none,none,yes,600-700 mg/L TDS equivalent,"sand strainer, antiscalant, cartridge filters",93-105,85,20-45 mg/l,140 mg/L,8-15% bypass,bypass after sand strainer and cartridge filters,none,on original membranes,Deep well injection,none,FLORIDA FACILIITIES,12,matched,polygon_contains,0.000000,FL606,FL606,/home/kdd1/jliu/Water_Hub/Soil_data/public_data_ssurgo_zips/FL606/wss_SSA_FL606_soildb_FL_2003_[2025-08-29].zip,1389877,12,-80.24581937,26.25375833,1133.3173,sample coordinate falls inside this SSURGO map-unit polygon
FL,BROWARD,Town of Davie WTP/WRF,26.0406211493222,-80.2412037518922,Town of Davie,Davie,Reverse osmosis,Drinking water,6,2013,Deep well injection,Groundwater,no new permits for surficial aquifer,none,6,2.6,none,none,no,4480-5760 mg/L TDS equivalent,"antiscalant, cartridge filters",230,80,300-450 mg/l,none,none,none,"aeration, disinfection (hypochlorite), fluoride",on original membranes,Deep well injection (haven't cleaned yet),none,FLORIDA FACILIITIES,19,matched,polygon_contains,0.000000,FL606,FL606,/home/kdd1/jliu/Water_Hub/Soil_data/public_data_ssurgo_zips/FL606/wss_SSA_FL606_soildb_FL_2003_[2025-08-29].zip,1389894,29,-80.23798938,26.04076434,158.2567,sample coordinate falls inside this SSURGO map-unit polygon
FL,BROWARD,West WTP - Deerfield - RO,26.3151718231594,-80.1235801659272,City of Deerfield Beach,Deerfield,Reverse osmosis,Drinking water,3,2012,Deep well injection,Groundwater,none,none,3,none,14.5; both an NF and RO plant (11.5 mgd NF built in 2004);,none,yes,1152-1280 mg/L TDS equivalent,"acid, antiscalant, cartridge filter",186-210,78,NAV,NAV,~ 3 : 11.5,NF permeate,"orthophosphate, caustic, chlorine",on original membranes,sewer,none,FLORIDA FACILIITIES,20,matched,polygon_contains,0.000000,FL606,FL606,/home/kdd1/jliu/Water_Hub/Soil_data/public_data_ssurgo_zips/FL606/wss_SSA_FL606_soildb_FL_2003_[2025-08-29].zip,1389894,29,-80.12462455,26.30482222,403.3115,sample coordinate falls inside this SSURGO map-unit polygon
FL,BROWARD,Springtree,26.1773954346391,-80.2628338746631,City of Sunrise Utility Complex,Sunrise,Reverse osmosis,Drinking water,1.5,2012,Deep well injection,Groundwater,total dissolved solids,none,1.5,in 2017 = 0.389; plant does not operate every day,RO = 15.; lime softening = 24; total = 25.5,2017 average = 10.06,yes,1605 mg/L TDS equivalent,"antiscalant, cartridge filters",~160,75,55,70,1.5 : 11,lime softened water (different aquifer),"degasification, chloramination, fluoridation",on original membranes,none,none,FLORIDA FACILIITIES,23,matched,polygon_contains,0.000000,FL606,FL606,/home/kdd1/jliu/Water_Hub/Soil_data/public_data_ssurgo_zips/FL606/wss_SSA_FL606_soildb_FL_2003_[2025-08-29].zip,3102998,14,-80.25943430,26.17145226,538.8560,sample coordinate falls inside this SSURGO map-unit polygon
FL,Charlotte & Lee,Babcock Ranch Water System,26.7926215047338,-81.7493158070752,Babcock Ranch,Babcock Ranch,Nanofiltration,Drinking water,0.25,2017,combined with wastewater treatment plant effluent; used for irrigation,Groundwater,"hardness, color",none,0.25,none,none,none,yes,512-608 mg/L TDS equivalent,"antiscalant, cartridge filters, sulfuric acid",108-117,84,"200-250, depends on source wells",none,~8 : 1,raw water bypass,"blending, degasification, disinfection, caustic, CO2",had to replace original membranes due to super chlorination incident at start-up,none,none,FLORIDA FACILIITIES,10,matched,polygon_contains,0.000000,FL015,FL015,/home/kdd1/jliu/Water_Hub/Soil_data/public_data_ssurgo_zips/FL015/wss_SSA_FL015_soildb_FL_2003_[2025-08-28].zip,3045874,137,-81.74848854,26.79441346,146.3291,sample coordinate falls inside this SSURGO map-unit polygon
FL,HENDRY,Labelle WTP No. 2,26.756206016402,-81.4477690988896,City of Labelle,Labelle,Reverse osmosis,Drinking water,1.5,2014,Deep well injection,Groundwater,previously out of compliance with trihalomethanes; new source water required total dissolved solids removal,none,1.5,0.75,1.68,none,yes,depends on which wells are used; 2176 and 2752 mg/L TDS equivalent,"antiscalant, pre-filter",150-160,70,<100 mg/l,700 µS/cm,~ 9 : 1,raw water bypass,"degasification, chlorination, fluoridation",on original membranes,none,none,FLORIDA FACILIITIES,17,matched,polygon_contains,0.000000,FL051,FL051,/home/kdd1/jliu/Water_Hub/Soil_data/public_data_ssurgo_zips/FL051/wss_SSA_FL051_soildb_FL_2003_[2025-08-29].zip,1151443,57,-81.44451497,26.75677594,72.2540,sample coordinate falls inside this SSURGO map-unit polygon
FL,LEE,Green Meadows WTP,26.5130772610668,-81.7246868380567,Lee County Utilities,Ft. Myers,Reverse osmosis,Drinking water,7.5,2018,Deep well injection,Groundwater,plant expansion and replacement of old existing facility,none,7.5,not on line yet,will vary,not on line yet,yes,1860 mg/L TDS equivalent,"sand filter, cartridge filter, acid",167,85,36,223,roughly 9 : 6,bypass and IX treated surficial water,"sulfuric acid, degasification, disinfection (chloramination), pH control (caustic), fluoride, corrosion inhibitor",new plant,Deep well injection,none,FLORIDA FACILIITIES,9,matched,polygon_contains,0.000000,FL071,FL071,/home/kdd1/jliu/Water_Hub/Soil_data/public_data_ssurgo_zips/FL071/wss_SSA_FL071_soildb_FL_2003_[2025-08-29].zip,3236259,102,-81.72404014,26.51283594,22.4163,sample coordinate falls inside this SSURGO map-unit polygon
FL,LEE,North Cape Coral RO WTP,26.695729874788,-81.9991920613479,City of Cape Coral Utilities Department,Cape Coral,Reverse osmosis,Drinking water,12,2010,Deep well injection,Groundwater,total dissolved solids,neutralize,12,none,none,8.5,yes,2700 mg/L TDS equivalent,"acid, antiscalant, cartridge filters",160,80,100-118,none,15-25% bypass,bypass,"blend, degasification, chlorine (for disinfection and residual H2S removal, caustic (pH adjustment)",on original membranes,"neutralization, deep well injection",none,FLORIDA FACILIITIES,26,matched,polygon_contains,0.000000,FL071,FL071,/home/kdd1/jliu/Water_Hub/Soil_data/public_data_ssurgo_zips/FL071/wss_SSA_FL071_soildb_FL_2003_[2025-08-29].zip,3102878,7,-81.99646690,26.69843615,1194.6720,sample coordinate falls inside this SSURGO map-unit polygon
FL,MARTIN,North WTP,27.242412508234,-80.2614557943925,South Martin Regional Utility,none,Nanofiltration,Drinking water,0.41,2012,Sewer discharge,Groundwater,"hardness, color",none,0.41,none,none,none,yes,none,none,none,none,none,none,none,none,none,none,none,none,FLORIDA FACILIITIES,24,matched,polygon_contains,0.000000,FL085,FL085,/home/kdd1/jliu/Water_Hub/Soil_data/public_data_ssurgo_zips/FL085/wss_SSA_FL085_soildb_FL_2003_[2025-08-29].zip,1421556,4,-80.26492816,27.24693392,2134.8632,sample coordinate falls inside this SSURGO map-unit polygon
FL,MIAMI-DADE,City of Hialeah RO WTP,25.8285232665208,-80.2861456122363,City of Hialeah Water and Sewer Department,Hialeah,Reverse osmosis,Drinking water,7.5,2013,Deep well injection,Groundwater,none,none,7.5,none,none,none,no,3200-3520 mg/L TDS equivalent,"acid, antiscalant, cartridge filters",180-194,80,none,none,none,none,"lime, caustic, chlorine",on original membranes,Deep well injection,none,FLORIDA FACILIITIES,18,matched,polygon_contains,0.000000,FL686,FL686,/home/kdd1/jliu/Water_Hub/Soil_data/public_data_ssurgo_zips/FL686/wss_SSA_FL686_soildb_FL_2003_[2025-08-29].zip,3116298,15,-80.24335201,25.85448925,38948.7415,sample coordinate falls inside this SSURGO map-unit polygon
FL,PALM BEACH,Hood Road Membrane WP,26.8635301413717,-80.0999665021716,Seacoast Utilities Authority,none,Nanofiltration,Drinking water,26,2015,blend with wastewater treatment plant effluent for irrigation; when not possible --> Deep well injection,Groundwater,replace lime softening,none,26,both an NF and RO plant; varies with demand; at higher demand NF portion is greater; typical = 17.5,29.5 (26 MF + 3.5 RO),varies with demand,no,512 mg/L TDS equivalent,"sand filter, antiscalant, cartridge filter, acid (sulfuric)",95,80,350 µS/cm,NAP,NAP,NAP,"degasification, disinfection (chloramination), pH adjustment (caustic), corrosion inhibitor (phosphate)",on original membranes,sewer,none,FLORIDA FACILIITIES,13,matched,polygon_contains,0.000000,FL611,FL611,/home/kdd1/jliu/Water_Hub/Soil_data/public_data_ssurgo_zips/FL611/wss_SSA_FL611_soildb_FL_2003_[2025-08-29].zip,1407280,18,-80.09150688,26.86807568,245.1759,sample coordinate falls inside this SSURGO map-unit polygon
FL,PALM BEACH,Hood Road Membrane WP,26.8635301413717,-80.0999665021716,Seacoast Utilities Authority,none,Reverse osmosis,Drinking water,3.5,2015,Deep well injection,Groundwater,total dissolved solids,none,3.5,both an NF and RO plant; varies with demand; at higher demand NF portion is greater; typical = 17.5,29.5 (26 MF + 3.5 RO),varies with demand,no,3840 mg/L TDS equivalent,"antiscalant, cartridge filter, acid (sulfuric)",240,75,NAV,NAP,NAP,NAP,"degassing, disinfection (chloramination), pH adjustment (caustic), corrosion inhibitor (phosphate)",on original membranes,sewer,none,FLORIDA FACILIITIES,16,matched,polygon_contains,0.000000,FL611,FL611,/home/kdd1/jliu/Water_Hub/Soil_data/public_data_ssurgo_zips/FL611/wss_SSA_FL611_soildb_FL_2003_[2025-08-29].zip,1407280,18,-80.09150688,26.86807568,245.1759,sample coordinate falls inside this SSURGO map-unit polygon
FL,PALM BEACH,City of Lake Worth Lake Worth RO WTP,27.2423865884938,-80.2614562795292,City of Lake Worth,Lake Worth,Reverse osmosis,Drinking water,4.5,2011,Deep well injection,Groundwater,total dissolved solids; needed new water source,none,4.5,2.7,17.4 (4.5 for RO; 12.9 for lime softening),~5.5,yes,3000-4000 mg/L TDS equivalent,"antiscalant, acid, cartridge filters",200 stage 1; 230 stage 2,75,none,none,currently 2.5 : 3.0,lime softened water,"aeration, chloramination",on original membranes,none,none,FLORIDA FACILIITIES,25,no_match,nearest_centroid_too_far,31.742159,FL611,FL611,/home/kdd1/jliu/Water_Hub/Soil_data/public_data_ssurgo_zips/FL611/wss_SSA_FL611_soildb_FL_2003_[2025-08-29].zip,1407290,29,-80.27143786,26.95706121,2.5348,nearest centroid is farther than max distance 10 km
FL,PINELLAS,Tarpon Springs RO Facility,28.1671167611011,-82.764598169574,City of Tarpon Springs,Tarpon Springs,Reverse osmosis,Drinking water,6.4,2015,Deep well injection,Groundwater,total dissolved solids,none,6.4,2.5,none,none,yes,11520-12800 mg/L TDS equivalent,"acid, antiscalant, cartridge filters",350 (to 1st stage); 450 (to 2nd stage),72,297 µS/cm,none,presently only 5 gpm bypass,bypass,"pH adjustment (CO2), alkalinity and hardness (lime and caustic), disinfection (hypochlorite), fluoride",on original membranes,Deep well injection (haven't cleaned yet),none,FLORIDA FACILIITIES,14,matched,polygon_contains,0.000000,FL103,FL103,/home/kdd1/jliu/Water_Hub/Soil_data/public_data_ssurgo_zips/FL103/wss_SSA_FL103_soildb_FL_2003_[2025-08-29].zip,1017106,4,-82.76709070,28.16715023,363.8560,sample coordinate falls inside this SSURGO map-unit polygon
FL,PINELLAS,Clearwater #2,27.9617985649379,-82.8012514738256,City of Clearwater,Clearwater,Reverse osmosis,Drinking water,6.25,2015,Deep well injection,Groundwater,"total dissolved solids, iron, hardness",none,6.25,2.5,none,none,yes,2800-4500 (depends on well mix) mg/L TDS equivalent,"antiscalant, cartridge filters",180-190,80,none,none,none,surficial aquifer water,"ozone (for sulfide removal); chloramination, caustic, stabilization",design flaw led to early scaling with damage to some membranes; still using original membranes on the 1 skid that’s operating,sewer,none,FLORIDA FACILIITIES,15,matched,polygon_contains,0.000000,FL103,FL103,/home/kdd1/jliu/Water_Hub/Soil_data/public_data_ssurgo_zips/FL103/wss_SSA_FL103_soildb_FL_2003_[2025-08-29].zip,1017105,30,-82.79303818,27.95726671,704.0383,sample coordinate falls inside this SSURGO map-unit polygon
FL,PINELLAS,Oldsmar WRF,28.0313227129399,-82.6547867110854,City of Oldsmar,Oldsmar,Reverse osmosis,Drinking water,3,2012,Deep well injection,Groundwater,none,none,design = 3; permitted = 2,1,3.3,1.3,yes,1792-2240 mg/L TDS equivalent,"antiscalant, cartridge filters",135-145,75,75-100 mg/l,75,3.7569444444444400,conventional WTP product,"degasification,, CO2/caustic, chlorine, fluoride, corrosion inhibitor",on original membranes,"neutralization, sewer",none,FLORIDA FACILIITIES,21,matched,polygon_contains,0.000000,FL103,FL103,/home/kdd1/jliu/Water_Hub/Soil_data/public_data_ssurgo_zips/FL103/wss_SSA_FL103_soildb_FL_2003_[2025-08-29].zip,1017092,10,-82.65365024,28.03113933,8.8078,sample coordinate falls inside this SSURGO map-unit polygon
FL,PUTNAM,East Putnam County RO WTP,29.631373108389,-81.5624612205805,Putnam County,East Palatka,Reverse osmosis,Drinking water,1,2010,Surface water discharge,Groundwater,needed an alternative water souce,none,none,0.22500000000000000,none,none,yes,800 mg/L TDS equivalent,none,none,80,25 mg/l,250 mg/l,~ 2.4 : 1,bypass,none,9 years (just replaced),none,none,FLORIDA FACILIITIES,27,matched,polygon_contains,0.000000,FL107,FL107,/home/kdd1/jliu/Water_Hub/Soil_data/public_data_ssurgo_zips/FL107/wss_SSA_FL107_soildb_FL_2003_[2025-08-28].zip,323372,1,-81.56331647,29.62931540,51.1235,sample coordinate falls inside this SSURGO map-unit polygon
FL,ST. LUCIE,Dania Beach,26.0479413995293,-80.15223964017,City of Dania Beach,Dania Beach,Nanofiltration,Drinking water,2,2012,Sewer discharge,Groundwater,"iron, hardness",none,2,1,5,2.2000000000000000,yes,400 mg/L TDS equivalent,"acid, antiscalant",42,90,50-60,130-150,8.54166666666667E-02,bypass,none,on original membranes,none,none,FLORIDA FACILIITIES,22,no_match,nearest_centroid_too_far,129.593386,FL111,FL111,/home/kdd1/jliu/Water_Hub/Soil_data/public_data_ssurgo_zips/FL111/wss_SSA_FL111_soildb_FL_2003_[2025-08-29].zip,1421197,40,-80.29349682,27.20654045,13.0845,nearest centroid is farther than max distance 10 km
GA,none,Kings Bay Naval Base WTP,,,King Bay Naval Base,Kings Bay,Nanofiltration,Drinking water,2.0002642007926000,2011,Sewer discharge,none,none,none,none,none,none,none,none,none,"acid, antiscalant",none,none,none,none,none,none,none,none,none,none,Sheet1_table_04,100,skipped,missing_coordinates,,,,,,,,,,missing ACC_X or ACC_Y
IA,none,City of Pella WTP,41.39967853945,-92.9276199903605,City of Pella,Pella,Reverse osmosis,Drinking water,3,2017,Surface water discharge,Groundwater,"limited water available in old aquifer, switched to new; required total dissolved solids removal",none,3,1.4,max is 6 mgd (if 3 mgd of lime softening is added in emergency),1.8,yes,685 mg/L TDS equivalent,antiscalant,101 first stage; 105 second stage,80,none,230 mg/l,80:20; 20% can vary 10-30% to get desired water quality,bypass,"caustic, sodium hypochlorite, fluoride",on original membranes,none,none,Sheet1_table_04,86,matched,polygon_contains,0.000000,IA125,IA125,/home/kdd1/jliu/Water_Hub/Soil_data/public_data_ssurgo_zips/IA125/wss_SSA_IA125_soildb_IA_2003_[2025-09-08].zip,3051931,5040,-92.92760660,41.39956452,2.6843,sample coordinate falls inside this SSURGO map-unit polygon
IA,none,Grimes WTP,41.7039741191983,-93.7900670879485,City of Grimes,Grimes,Reverse osmosis,Drinking water,0.8,2017,Sewer discharge,Groundwater,better quality,blend with lime softening wastewater,0.8,none,none,none,yes,110 mg/L TDS equivalent,"bag filter, cartridge filter, antiscalant",none,85,none,80 mg/l,2 : 1,lime softened water,"blend, chloramination, corrosion inhibitor",on original membranes,haven't had to clean yet,none,Sheet1_table_04,87,matched,polygon_contains,0.000000,IA153,IA153,/home/kdd1/jliu/Water_Hub/Soil_data/public_data_ssurgo_zips/IA153/wss_SSA_IA153_soildb_IA_2003_[2025-09-09].zip,2765535,L138B,-93.78423953,41.70570662,90.5353,sample coordinate falls inside this SSURGO map-unit polygon
IA,none,Atkins WTP,41.9951252318731,-91.8619586338325,City of Atkins,Atkins,Reverse osmosis,Drinking water,0.58000000000000000,2010,Sewer discharge,Groundwater,ammonia; so system can grow in future,none,0.58000000000000000,none,none,none,no,524.8 mg/L TDS equivalent,"25µ filter, 1µ woven filter; antiscalant",none,none,none,none,none,none,"CaCl2, NaHCO3, caustic, chlorine, orthophosphate",none,none,none,Sheet1_table_04,101,matched,polygon_contains,0.000000,IA011,IA011,/home/kdd1/jliu/Water_Hub/Soil_data/public_data_ssurgo_zips/IA011/wss_SSA_IA011_soildb_IA_2003_[2025-09-08].zip,402878,377B,-91.86404895,41.99397898,122.6315,sample coordinate falls inside this SSURGO map-unit polygon
IA,none,Hartley,43.1785919039,-95.4737987487321,City of Hartley,Hartley,Reverse osmosis,Drinking water,0.44,2010,Sewer discharge,Groundwater,"hardness, sulfate, total dissolved solids",none,0.44,summer = 0.17; winter = 0.11,none,none,yes,2100 mg/L TDS equivalent,"antiscalant, cartridge filters",158,75-77,none,400 mg/l,90 : 10,bypass,"aeration, chlorine, caustic, corrosion inhibitor, fluoride",on original membranes,sewer,none,Sheet1_table_04,103,matched,polygon_contains,0.000000,IA141,IA141,/home/kdd1/jliu/Water_Hub/Soil_data/public_data_ssurgo_zips/IA141/wss_SSA_IA141_soildb_IA_2003_[2025-09-09].zip,410102,91,-95.48880985,43.18256595,1021.4574,sample coordinate falls inside this SSURGO map-unit polygon
IA,none,Hills Water Supply,41.5555097416471,-91.5350488949053,Hills Municipal Water,Hills,Reverse osmosis,Drinking water,0.317,2015,Sewer discharge,Groundwater,"perchlorate, ammonia, total dissolved solids, hardness",none,0.317,none,none,none,no,none,none,none,none,none,none,none,none,none,none,none,none,Sheet1_table_04,106,matched,polygon_contains,0.000000,IA103,IA103,/home/kdd1/jliu/Water_Hub/Soil_data/public_data_ssurgo_zips/IA103/wss_SSA_IA103_soildb_IA_2003_[2025-09-08].zip,408061,826,-91.53492109,41.55656086,13.7776,sample coordinate falls inside this SSURGO map-unit polygon
IA,none,Council Point Water Purification Plant,41.1944390759333,-95.8771455370368,Council Bluffs Water Works,Council Bluffs,Reverse osmosis,Drinking water,5,2013,Surface water discharge,Groundwater,"total dissolved solids, organics",none,5,1.68,5,2.4,yes,550-800 mg/L TDS equivalent,"Fe and Mn oxidation, UF, antiscalant",150,75,Target is potable water hardness,Target is potable water hardness; TDS = 300-400,70:30,bypass,"disinfection, pH adjustment",3 years,none,none,Sheet1_table_04,107,matched,polygon_contains,0.000000,IA155,IA155,/home/kdd1/jliu/Water_Hub/Soil_data/public_data_ssurgo_zips/IA155/wss_SSA_IA155_soildb_IA_2003_[2025-09-09].zip,410444,144,-95.87864997,41.19554788,71.9643,sample coordinate falls inside this SSURGO map-unit polygon
IL,none,Brimfield WP,40.8433875308959,-89.8802554947391,City of Brimfield,Brimfield,Reverse osmosis,Drinking water,0.25,2012,Sewer discharge,Groundwater,"total dissolved solids, organics radionuclides",none,0.25,none,none,none,none,none,none,none,none,none,none,none,none,none,none,none,none,Sheet1_table_04,98,matched,polygon_contains,0.000000,IL143,IL143,/home/kdd1/jliu/Water_Hub/Soil_data/public_data_ssurgo_zips/IL143/wss_SSA_IL143_soildb_US_2003_[2025-08-31].zip,208938,43A,-89.91620673,40.83714646,6731.4241,sample coordinate falls inside this SSURGO map-unit polygon
KS,none,PWWSD #26,38.394824497325,-96.5403072244301,City of Strong City,Strong City,Reverse osmosis,Drinking water,0.46,2015,Surface water discharge,Groundwater,hardness,none,0.46,0.12 (currently run 1 of 2 skids; run both skids in summer),0.6,0.14000000000000000,yes,524.8-585.6 mg/L TDS equivalent,"chlorination, greensand filter, dechlorination, antiscalant, cartridge filters",150,80,15 mg/l,200 mg/l,80 : 20,bypass after greensand filter,"caustic, chlorine",on original membranes,sewer; (clean only once every 3 years),"settling tank, solids to lagoon and evaporation pond; retentate back to front of process",Sheet1_table_04,89,matched,polygon_contains,0.000000,KS017,KS017,/home/kdd1/jliu/Water_Hub/Soil_data/public_data_ssurgo_zips/KS017/wss_SSA_KS017_soildb_US_2003_[2025-08-27].zip,1382836,7170,-96.54129914,38.39434914,415.1327,sample coordinate falls inside this SSURGO map-unit polygon
KS,none,Big Springs WTP,39.0504952364287,-95.5057572971609,Douglas County RWD #3,Tecumseh,Reverse osmosis,Drinking water,1.1400000000000000,2014,Surface water discharge,Groundwater,hardness,none,none,0.31,none,0.67,none,280 mg/L TDS equivalent,none,146,none,none,none,none,none,none,none,none,none,Sheet1_table_04,90,matched,polygon_contains,0.000000,KS177,KS177,/home/kdd1/jliu/Water_Hub/Soil_data/public_data_ssurgo_zips/KS177/wss_SSA_KS177_soildb_US_2003_[2025-08-26].zip,1473499,7304,-95.50554999,39.05056114,2.9236,sample coordinate falls inside this SSURGO map-unit polygon
KS,none,Clay Center WTP,39.37350925736,-97.1276690585941,City of Clay Center,Clay Center,Reverse osmosis,Drinking water,1.6700132100396300,2010,Surface water discharge,Groundwater,meets present and future needs,none,1.67,0.41,1.95,0.49,yes,915.2 mg/L TDS equivalent,"greensand filter, antiscalant, cartridge filter",none,75,none,none,~ 80 : 20,bypass,"decarbonation, caustic, chlorine",on original membranes,none,none,Sheet1_table_04,114,matched,polygon_contains,0.000000,KS027,KS027,/home/kdd1/jliu/Water_Hub/Soil_data/public_data_ssurgo_zips/KS027/wss_SSA_KS027_soildb_US_2003_[2025-08-26].zip,2605724,3261,-97.16289658,39.41770887,9547.4966,sample coordinate falls inside this SSURGO map-unit polygon
MA,none,Swansea Desalination Treatment Facility,41.7714840173866,-71.2463846140604,City of Swansea,Swansea,Microfiltration / reverse osmosis,Drinking water,1.2,2013,surface water discharge - to River during high tide events,Surface water,none,none,1.2,0.4,2.1800000000000000,0.85,yes,none,"intake screen, cuastic, coagulant, strainers, mmicfrofiltration",250-550 depending on feed conductivity,30-50 depending on feed conductivity,none,250 mg/l,40 : 60,groundwater,none,on original membranes,none,through sand lined lagoon then mixed with concentrate,Sheet1_table_04,93,matched,polygon_contains,0.000000,MA603,MA603,/home/kdd1/jliu/Water_Hub/Soil_data/public_data_ssurgo_zips/MA603/wss_SSA_MA603_soildb_US_2003_[2025-09-05].zip,277228,242B,-71.24551918,41.77115705,22.3997,sample coordinate falls inside this SSURGO map-unit polygon
MI,none,Allegan WTP,42.5288070643865,-85.8461081811957,City of Allegan,Allegan,Reverse osmosis,Drinking water,2.25,2011,Surface water discharge,Groundwater,"hardness, lime softening too complicated and labor intensive",none,2.25,~1.2; about 0.9 in winter and 1.5 in summer,none,none,yes,448 mg/L TDS equivalent,"spiral wound filter, antiscalant",150,none,none,none,70 : 30,bypass (treated for iron removal),"fluoride, chlorine, orthophosphate",on original membranes,have not cleaned yet,none,Sheet1_table_04,99,matched,polygon_contains,0.000000,MI005,MI005,/home/kdd1/jliu/Water_Hub/Soil_data/public_data_ssurgo_zips/MI005/wss_SSA_MI005_soildb_MI_2003_[2025-09-02].zip,212458,34,-85.84595860,42.52882301,5.2807,sample coordinate falls inside this SSURGO map-unit polygon
NC,Craven,Craven County Potable Water Supply and Treatment Facility,34.9452166511239,-76.9332447011498,Craven County,none,Nanofiltration,Drinking water,3,2017,Surface water discharge,Groundwater,"reduce reliance on Black Creek Aquifer; remove trihalomethane and haloacetic acids precursors; total dissolved solids, iron",none,3,1.33; will increase during Spring and Summer,none,none,no,296 mg/L TDS equivalent,"antiscalant, cartridge filters",38-52,depends on well combo; up to 75%,none,none,none,none,"calcite stabilization, chlorination",on original membranes,none,none,Sheet1_table_04,85,matched,polygon_contains,0.000000,NC049,NC049,/home/kdd1/jliu/Water_Hub/Soil_data/public_data_ssurgo_zips/NC049/wss_SSA_NC049_soildb_NC_2003_[2025-09-02].zip,115747,GoA,-76.93438670,34.94768071,80.8303,sample coordinate falls inside this SSURGO map-unit polygon
NC,none,SKYCO WTP,35.8862647110003,-75.6605735418507,Dare County,Manteo,Nanofiltration,Drinking water,3,2017,Surface water discharge,Groundwater,less complicated than ion exchange and membrane found to address bromide removal and iron,none,3,3,5,2.5,yes,545 mg/L TDS equivalent,"antiscalant, 5µ cartridge filter",108,80,50,170,3:2,product water from IX facility; adds back hardness,"caustic, hypochlorite, corrosion inhibitor",on original membranes,with concentrate,with concentrate,Sheet1_table_04,88,matched,polygon_contains,0.000000,NC055,NC055,/home/kdd1/jliu/Water_Hub/Soil_data/public_data_ssurgo_zips/NC055/wss_SSA_NC055_soildb_NC_2003_[2025-09-02].zip,110969,BvA,-75.66435291,35.88545558,132.3436,sample coordinate falls inside this SSURGO map-unit polygon
NC,none,New Frontier Way NF WTP,34.7936659660129,-77.4299573897348,City of Jacksonville,Jacksonville,Nanofiltration,Drinking water,8,2010,Surface water discharge,Groundwater,"hardness, organics",none,8,3.5,none,none,yes,884 mg/L TDS equivalent,"antiscalant, cartridge filters",57,75,75,280-320,90:10,bypass,"bioscrubbing to remove odor, stabilization, disinfection, pH adjustment",none,none,none,Sheet1_table_04,104,matched,polygon_contains,0.000000,NC133,NC133,/home/kdd1/jliu/Water_Hub/Soil_data/public_data_ssurgo_zips/NC133/wss_SSA_NC133_soildb_NC_2003_[2025-08-27].zip,116084,Le,-77.43139451,34.79535754,69.4580,sample coordinate falls inside this SSURGO map-unit polygon
NC,none,Dixon WTP,34.5751394658226,-77.4837811460593,ONWASA (Onslow Water and Sewer Authority),Holly Ridge,Reverse osmosis,Drinking water,3,2013,Surface water discharge,Groundwater,silica and total organic carbon,none,3,2,4,2.5,yes,256 mg/L TDS equivalent,"greensand filter, antiscalant, cartridge filters",82-98,70-80,25,<250,3.0604166666666700,bypass after greensand filter,"pH adjustment (caustic), disinfection, corrosion inhibitor, fluoride",on original membranes,with concentrate,none,Sheet1_table_04,111,matched,polygon_contains,0.000000,NC133,NC133,/home/kdd1/jliu/Water_Hub/Soil_data/public_data_ssurgo_zips/NC133/wss_SSA_NC133_soildb_NC_2003_[2025-08-27].zip,116085,Ln,-77.49356752,34.56761353,369.0066,sample coordinate falls inside this SSURGO map-unit polygon
NC,none,Englehard,35.5153115168495,-76.0242340078606,Hyde County Water Maintenance and Solid Waste Department,Englehard,Reverse osmosis,Drinking water,0.432,2011,Surface water discharge,Groundwater,organics,none,0.432,none,none,none,no,622.72 mg/L TDS equivalent,antiscalant,none,none,~25,none,none,none,"acid, lime, phosphate, chlorine",on original membranes,none,none,Sheet1_table_04,113,matched,polygon_contains,0.000000,NC095,NC095,/home/kdd1/jliu/Water_Hub/Soil_data/public_data_ssurgo_zips/NC095/wss_SSA_NC095_soildb_NC_2003_[2025-09-02].zip,113312,WeA,-76.03134397,35.50600404,2051.6384,sample coordinate falls inside this SSURGO map-unit polygon
NC,none,Tyrrell County Prison RO WTP,35.9581268279877,-76.2287323158976,Tyrrell County Prison,none,Reverse osmosis,Drinking water,0.432,2010,Surface water discharge,Groundwater,none,none,none,none,none,none,none,none,none,none,none,none,none,none,none,none,none,none,none,Sheet1_table_04,116,matched,polygon_contains,0.000000,NC177,NC177,/home/kdd1/jliu/Water_Hub/Soil_data/public_data_ssurgo_zips/NC177/wss_SSA_NC177_soildb_NC_2003_[2025-08-27].zip,115261,To,-76.24823794,35.95939305,1447.5965,sample coordinate falls inside this SSURGO map-unit polygon
ND,none,Emmons County WTP,46.2670587472211,-100.236765445476,South Central W District,Linton,Ultrafiltration / reverse osmosis,Drinking water,1.2,2012,Surface water discharge (lake),Surface water (lake),hardness,none,1.2,0.4,2,0.7,yes,500 mg/L TDS equivalent,"ozone, coagulation, sedimentation, UF, antiscalant",120,80,30 mg/l,250 mg/l,60 : 40,bypass,"blend, ozone, chlorine",6 years,with concentrate,none,Sheet1_table_04,96,matched,polygon_contains,0.000000,ND029,ND029,/home/kdd1/jliu/Water_Hub/Soil_data/public_data_ssurgo_zips/ND029/wss_SSA_ND029_soildb_US_2003_[2026-05-04].zip,2661777,E2145A,-100.23081220,46.26406192,155.9081,sample coordinate falls inside this SSURGO map-unit polygon
ND,none,Valley City WTP,,,Valley City,Valley City,Ultrafiltration / nanofiltration,Drinking water,4.653632760898280,2012,surface water discharge (unless low flow in which case it goes to a lagoon),Surface water and groundwater,"sulfate, hardness",none,4.6500000000000000,none,none,none,yes,none,"permanganate (for Fe/Mn), coagulant, acid, UF, antiscalant, cartridge filters",180,85,50 µS/cm,none,~ 1 : 1,bypass after UF,"blend, caustic, chloramination, fluoride",on original membranes,with concentrate,none,Sheet1_table_04,110,skipped,missing_coordinates,,,,,,,,,,missing ACC_X or ACC_Y
ND,none,City of Hillsboro WTP,,,City of Hillsboro,Hillsboro,Reverse osmosis,Drinking water,0.85,2012,none,Groundwater,"hardness, sulfate, total dissolved solids",none,none,none,none,none,none,none,none,none,none,none,none,none,none,none,none,none,none,Sheet1_table_04,115,skipped,missing_coordinates,,,,,,,,,,missing ACC_X or ACC_Y
NJ,none,Glassboro,39.7026236308859,-75.1122855797849,City of Glassboro,Glassboro,Reverse osmosis / vibratory shear enhanced processing,Drinking water,1.1300000000000000,2012,Sewer discharge,Groundwater,total dissolved solids,none,1.1300000000000000,none,~1.5,~1,yes,none,1µ cartridge filters,~ 200,none,none,none,~ 1:1,bypass after filters,"chlorine, orthophosphate",on original membranes,none,none,Sheet1_table_04,94,matched,polygon_contains,0.000000,NJ015,NJ015,/home/kdd1/jliu/Water_Hub/Soil_data/public_data_ssurgo_zips/NJ015/wss_SSA_NJ015_soildb_NJ_2003_[2025-08-28].zip,1089594,USDOWB,-75.10817670,39.70447800,211.2897,sample coordinate falls inside this SSURGO map-unit polygon
NJ,none,Freese Street WTP,40.4395686852952,-74.127599678893,Keansburg Water Department,Keansburg,Reverse osmosis,Drinking water,1.1500000000000000,2011,Surface water discharge,Groundwater,"iron, total dissolved solids",none,1.1500000000000000,0.85,none,none,yes,1200-1300 mg/L TDS equivalent,"antiscalant, acid, cartridge filters",180-200,85,40 mg/l,none,4 : 1,bypass,"caustic, chlorine",none,with concentrate,none,Sheet1_table_04,112,matched,polygon_contains,0.000000,NJ025,NJ025,/home/kdd1/jliu/Water_Hub/Soil_data/public_data_ssurgo_zips/NJ025/wss_SSA_NJ025_soildb_NJ_2003_[2025-08-28].zip,3173848,USKLEA,-74.11816209,40.43813406,1458.1180,sample coordinate falls inside this SSURGO map-unit polygon
OH,none,Spencerville WTP,40.7210679717728,-84.3454041940524,City of Spencerville,Spencerville,Nanofiltration,Drinking water,0.48692206076618200,2014,Sewer discharge,Groundwater,total dissolved solids (from residential ion exchange discharges); ability to meet future concerns,neutralization,0.49,none,none,none,yes,none,"aeration, chlorination, sand filters, dechlorination, antiscalant",122,70,74 mg/l,none,none,sand filtered bypass,"disinfection, pH adjustment",on original membranes,none,none,Sheet1_table_04,91,matched,polygon_contains,0.000000,OH003,OH003,/home/kdd1/jliu/Water_Hub/Soil_data/public_data_ssurgo_zips/OH003/wss_SSA_OH003_soildb_OH_2003_[2025-08-27].zip,2676637,Blg1A1,-84.34676709,40.72049357,26.5547,sample coordinate falls inside this SSURGO map-unit polygon
OH,none,City of Bowling Green,41.4760866608233,-83.7380631882074,City of Bowling Green,Bowling Green,Reverse osmosis,Drinking water,3,2012,Surface water discharge,Surface water,"trihalomethane, total organic carbon",none,3,1,14,4.8,yes,416 mg/L TDS equivalent,"antiscalant cartridge filters, microfiltration",75,78,16 µS/cm,none,25 : 75,lime softened/GAC treated water,"blend, pH adjustment, chlorination",on original membranes,with concentrate,none,Sheet1_table_04,97,matched,polygon_contains,0.000000,OH173,OH173,/home/kdd1/jliu/Water_Hub/Soil_data/public_data_ssurgo_zips/OH173/wss_SSA_OH173_soildb_OH_2003_[2025-09-09].zip,168255,NnA,-83.73832757,41.47594731,21.6543,sample coordinate falls inside this SSURGO map-unit polygon
OH,none,City of Delaware WTP,40.3431005862178,-83.0685748514579,City of Delaware,Delaware,Ultrafiltration / nanofiltration and nanofiltration (separate systems),Drinking water,6,none,Surface water discharge,Surface water and groundwater,"iron, manganese",none,6,3.8,none,none,no,none,"on surface water: coagulation, settling, UF; on GW: pressure filters to remove Fe, Mn,",none,none,none,none,none,none,"chorine, corrosion inhibitor, fluoride",none,none,none,Sheet1_table_04,105,matched,polygon_contains,0.000000,OH041,OH041,/home/kdd1/jliu/Water_Hub/Soil_data/public_data_ssurgo_zips/OH041/wss_SSA_OH041_soildb_OH_2003_[2025-08-27].zip,172049,GbA,-83.06892894,40.34360058,38.5727,sample coordinate falls inside this SSURGO map-unit polygon
TN,none,Pigeon Forge new STP,35.8079838619937,-83.582188410156,City of Pigeon Forge,Pigeon Forge,Nanofiltration,Wastewater treatment plant,0.4,2015,nanofiltration used for thickening between digesters,sewage after initial digester,none,none,0.4,none,none,none,n0,none,none,none,none,none,none,none,none,"disk filter, chlorine, dechlorination, (later this year will recycle to front of process due to high P content)",on original membranes,none,none,Sheet1_table_04,109,matched,polygon_contains,0.000000,TN608,TN608,/home/kdd1/jliu/Water_Hub/Soil_data/public_data_ssurgo_zips/TN608/wss_SSA_TN608_soildb_US_2003_[2025-09-02].zip,529670,Ur,-83.56625696,35.79483213,647.5481,sample coordinate falls inside this SSURGO map-unit polygon
TX,Aransas,Aransas Bay Utility WTP,,,"Aransas Bay Utilities Company, LLC",none,Reverse osmosis,Drinking water,0.2,2011,Surface water discharge,Groundwater,none,none,none,none,none,none,none,none,none,none,none,none,none,none,none,none,none,none,none,TEXAS FACILITIES,73,skipped,missing_coordinates,,,,,,,,,,missing ACC_X or ACC_Y
TX,Bexar,H2OAKS Center,29.1466386576356,-98.4007634797152,City of San Antonio,Elmendorf,Reverse osmosis,Drinking water,10,2016,Deep well injection,Groundwater,none,none,10,7.22,12,none,yes,1300 mg/L TDS equivalent,"cartridge filter, pH adjustment, antiscalant",none,90,30-50,400 mg/l,none,none,"blending, degasification, pH adjustment (sulfuric acid), corrosion control, disinfection, alkalinity adjustment (calcite contactor), stabilization (NaOH)",none,none,none,TEXAS FACILITIES,60,matched,polygon_contains,0.000000,TX029,TX029,/home/kdd1/jliu/Water_Hub/Soil_data/public_data_ssurgo_zips/TX029/wss_SSA_TX029_soildb_US_2003_[2025-09-04].zip,390463,EuC,-98.46668357,29.17778178,38632.4791,sample coordinate falls inside this SSURGO map-unit polygon
TX,Cameron,joines Road WTP,,,Military Highway Water Supply Corp..,San Benito,Reverse osmosis,Drinking water,1.44,2014,Surface water discharge,none,none,none,none,none,none,none,none,none,none,none,none,none,none,none,none,none,none,none,none,TEXAS FACILITIES,65,skipped,missing_coordinates,,,,,,,,,,missing ACC_X or ACC_Y
TX,Coryell,City of Evant RO WTP,31.4786858161942,-98.1454767445116,City of Evant,Evant,Reverse osmosis,Drinking water,0.08,2010,Sewer discharge,Groundwater,none,none,0.08,6.5E-02,none,none,no,1100 mg/L TDS equivalent,"cartridge filter, media filter, antiscalant",190,80,800,none,none,none,none,none,none,none,TEXAS FACILITIES,75,matched,polygon_contains,0.000000,TX099,TX099,/home/kdd1/jliu/Water_Hub/Soil_data/public_data_ssurgo_zips/TX099/wss_SSA_TX099_soildb_US_2003_[2025-09-04].zip,391164,NuC,-98.14340452,31.47587656,128.3000,sample coordinate falls inside this SSURGO map-unit polygon
TX,Gaines,La Tierra RO WTP,32.7165023986164,-102.645507639232,BW Primoris,Seminole,Reverse osmosis,Drinking water,0.65,2016,Land application,Groundwater,"total dissolved solids, arsenic",none,0.65,0.50-0.65,none,none,yes,1000-1200 mg/L TDS equivalent,"acid, antiscalant, cartridge filters",220-250,65-72,40-50 mg/l,250 mg/l,2 : 1,bypass,"blend, caustic, chlorine",on original membranes,send membranes off site for cleaning,none,TEXAS FACILITIES,62,matched,polygon_contains,0.000000,TX165,TX165,/home/kdd1/jliu/Water_Hub/Soil_data/public_data_ssurgo_zips/TX165/wss_SSA_TX165_soildb_US_2003_[2025-09-04].zip,366032,AwB,-102.63563887,32.70895914,2874.6836,sample coordinate falls inside this SSURGO map-unit polygon
TX,Gaines,25th and Avenue G,32.7253132663579,-102.649818595496,BW Primoris,Seminole,Reverse osmosis,Drinking water,1.3,2016,Land application,Groundwater,"total dissolved solids, arsenic",none,none,none,none,none,none,none,none,none,none,none,none,none,none,none,none,none,none,TEXAS FACILITIES,76,matched,polygon_contains,0.000000,TX165,TX165,/home/kdd1/jliu/Water_Hub/Soil_data/public_data_ssurgo_zips/TX165/wss_SSA_TX165_soildb_US_2003_[2025-09-04].zip,366032,AwB,-102.63563887,32.70895914,2874.6836,sample coordinate falls inside this SSURGO map-unit polygon
TX,Gaines,14th and C,32.7253132663579,-102.649818595496,BW Primoris,Seminole,Reverse osmosis,Drinking water,0.58000000000000000,2016,Land application,Groundwater,"total dissolved solids, arsenic",none,0.65,0.5-0.65,none,none,yes,2500 in summer; rest of year = ~1100 mg/L TDS equivalent,"acid, antiscalant, cartridge filters",225-250,65-70,40-50 mg/l,740,2 : 1,bypass,"blend, caustic, chlorine",on original membranes,membranes sent off site for cleaning,none,TEXAS FACILITIES,78,matched,polygon_contains,0.000000,TX165,TX165,/home/kdd1/jliu/Water_Hub/Soil_data/public_data_ssurgo_zips/TX165/wss_SSA_TX165_soildb_US_2003_[2025-09-04].zip,366032,AwB,-102.63563887,32.70895914,2874.6836,sample coordinate falls inside this SSURGO map-unit polygon
TX,Haskell,City of Rule WTP,33.1825148612275,-99.8936875955088,Rule,Rule,Reverse osmosis,Drinking water,8.6E-02,2015,Sewer discharge,Groundwater,none,none,8.6E-02,0.04,none,none,;,none,"cartridge filter, antiscalant",120,68,none,none,none,none,"blending, disinfection",none,none,none,TEXAS FACILITIES,64,matched,polygon_contains,0.000000,TX207,TX207,/home/kdd1/jliu/Water_Hub/Soil_data/public_data_ssurgo_zips/TX207/wss_SSA_TX207_soildb_US_2003_[2025-09-04].zip,367494,Md,-99.88841771,33.17761064,562.6569,sample coordinate falls inside this SSURGO map-unit polygon
TX,Hidalgo,La Rusias WTP,26.0848649535186,-97.9094201112712,Military Highway Water Supply Corp.,Los Indios,Reverse osmosis,Drinking water,1.44,2017,Surface water discharge,none,none,none,none,none,none,none,none,none,none,none,none,none,none,none,none,none,none,none,none,TEXAS FACILITIES,58,matched,polygon_contains,0.000000,TX215,TX215,/home/kdd1/jliu/Water_Hub/Soil_data/public_data_ssurgo_zips/TX215/wss_SSA_TX215_soildb_US_2003_[2025-09-04].zip,367655,19,-97.88914743,26.10575011,5724.6934,sample coordinate falls inside this SSURGO map-unit polygon
TX,Hidalgo,Victoria Road RO Plant,26.215474206472,-98.0251941037526,North Alamo Supply Corp.,Donna,Reverse osmosis,Drinking water,2,2012,Surface water discharge,Groundwater,none,none,2.25,2.25,2,2,no,4000 mg/L TDS equivalent,cartridge filter,150,75,150,none,none,none,"degasification, pH adjustment, disinfection, anti-corrosion",none,none,none,TEXAS FACILITIES,69,matched,polygon_contains,0.000000,TX215,TX215,/home/kdd1/jliu/Water_Hub/Soil_data/public_data_ssurgo_zips/TX215/wss_SSA_TX215_soildb_US_2003_[2025-09-04].zip,367665,28,-98.10326061,26.24570210,91649.1035,sample coordinate falls inside this SSURGO map-unit polygon
TX,Hildalgo,Progresso WTP,26.0846307840473,-97.9093526169223,Military Highway Water Supply Corp.,Progresso,Microfiltration / reverse osmosis,Drinking water,0.52,2011,Surface water discharge,none,none,none,none,none,none,none,none,none,none,none,none,none,none,none,none,none,none,none,none,TEXAS FACILITIES,72,matched,polygon_contains,0.000000,TX215,TX215,/home/kdd1/jliu/Water_Hub/Soil_data/public_data_ssurgo_zips/TX215/wss_SSA_TX215_soildb_US_2003_[2025-09-04].zip,367655,19,-97.88914743,26.10575011,5724.6934,sample coordinate falls inside this SSURGO map-unit polygon
TX,Hood,City of Granbury WTP,32.42394746838,-97.7733366712742,City of Granbury,Granbury,Microfiltration / reverse osmosis,Drinking water,2.5,2017,Surface water discharge,Surface water,bromide,none,2.5,0.7,none,0.875,yes,851.2 mg/L TDS equivalent,"MF, cartridge filters, antiscalant",115-120,75,30 mg/l,250 mg/l,75 : 25,MF treated bypass,"pH adjustment, chloramination",on original membranes,with concentrate,none,TEXAS FACILITIES,57,matched,polygon_contains,0.000000,TX609,TX609,/home/kdd1/jliu/Water_Hub/Soil_data/public_data_ssurgo_zips/TX609/wss_SSA_TX609_soildb_US_2003_[2025-09-05].zip,374327,DcC,-97.77301831,32.42913285,306.2313,sample coordinate falls inside this SSURGO map-unit polygon
TX,Howard,Big Spring Water Plant,32.2546681281582,-101.4293432807,Colorado River Municipal Water district,Big Spring,Microfiltration / reverse osmosis,Advanced treatment plant,2.38,2013,Surface water discharge,reclaimed water,draught dried up the lake water source; need for a new source for drinking water,none,2.38,1.2,2.38,1.2,no,1845 mg/L TDS equivalent,"MF, disinfection: UV, pH adjustment, scaling control",150,75,none,none,none,none,UV oxidation; 5-20% is blended with surface water from one of the reservoirs and then treated again at the Big Spring WTP; the rest goes to an industry,NA,none,none,TEXAS FACILITIES,67,matched,polygon_contains,0.000000,TX227,TX227,/home/kdd1/jliu/Water_Hub/Soil_data/public_data_ssurgo_zips/TX227/wss_SSA_TX227_soildb_US_2003_[2025-09-04].zip,391880,Ca,-101.44075194,32.24670667,326.8310,sample coordinate falls inside this SSURGO map-unit polygon
TX,Hudspeth,Fort Hancock RO Plant 1,31.2912308827774,-105.853666020391,Fort Hancock Water Control & Improvement District,Fort Hancock,Reverse osmosis,Drinking water,0.43,2012,Evaporation pond,Groundwater,none,none,0.43,0.04,none,none,yes,none,cartridge filter,180,78,none,none,none,none,"pH adjustment, disinfection",none,none,none,TEXAS FACILITIES,70,matched,polygon_contains,0.000000,TX627,TX627,/home/kdd1/jliu/Water_Hub/Soil_data/public_data_ssurgo_zips/TX627/wss_SSA_TX627_soildb_US_2003_[2025-09-05].zip,1602283,CSD,-105.81356484,31.26564777,7109.1207,sample coordinate falls inside this SSURGO map-unit polygon
TX,Knox,City of Benjamin RO WTP,33.5813602002171,-99.7919642534511,City of Benjamin,Benjamin,Reverse osmosis,Drinking water,7.2E-02,2012,Evaporation pond,Groundwater,none,none,none,none,7.2E-02,5.76E-02,yes,none,"cartridge filter, disinfection: chlorination/chloramination, oxidation",165,71,none,none,none,none,"blending, pH adjustment, antiscalant, disinfection",none,none,none,TEXAS FACILITIES,71,matched,polygon_contains,0.000000,TX275,TX275,/home/kdd1/jliu/Water_Hub/Soil_data/public_data_ssurgo_zips/TX275/wss_SSA_TX275_soildb_US_2003_[2025-09-04].zip,368736,34,-99.78758595,33.58333607,364.5855,sample coordinate falls inside this SSURGO map-unit polygon
TX,none,"City of Abilene - Possum Kingdom Regional Roughing Facility built during draught, then lake filled up, not operating yet",,,owner ship has not been turned over to City of Abilene,Abilene,Reverse osmosis,Wastewater treatment plant,1.2,2017,Evaporation pond and sewer discharge,sewer,none,none,none,none,none,none,none,none,none,none,none,none,none,none,none,none,none,none,none,TEXAS FACILITIES,59,skipped,missing_coordinates,,,,,,,,,,missing ACC_X or ACC_Y
TX,none,Hamby-Abilene,32.5053659552595,-99.6917342636941,City of Abilene,Abilene,Reverse osmosis,Wastewater treatment plant,4.2,2015,Evaporation pond,Wastewater treatment plant,originally to provide indirect potable reuse source; now used for reuse,none,4.2,none,7,none,yes,2048 mg/L TDS equivalent,"MBR, ozone, antiscalant, cartridge filter",127,82,131 µS/cm,none,~4.2 : 2.8,"same source, treated by MBR then ozone","blend, chlorination, aeration, dechlorination",on original membranes,"neutralization, then recycle to front of process",none,TEXAS FACILITIES,63,matched,polygon_contains,0.000000,TX441,TX441,/home/kdd1/jliu/Water_Hub/Soil_data/public_data_ssurgo_zips/TX441/wss_SSA_TX441_soildb_US_2003_[2025-09-05].zip,391561,TLD,-99.69173692,32.51048876,164.8572,sample coordinate falls inside this SSURGO map-unit polygon
TX,none,City of Roscoe WTP,32.4452361638682,-100.538237086917,City of Roscoe,Roscoe,Reverse osmosis,Drinking water,0.36,2013,Sewer discharge,Groundwater,"nitrates, hardness",none,0.36,none,none,none,none,none,none,none,none,none,none,none,none,none,none,none,none,TEXAS FACILITIES,68,matched,polygon_contains,0.000000,TX353,TX353,/home/kdd1/jliu/Water_Hub/Soil_data/public_data_ssurgo_zips/TX353/wss_SSA_TX353_soildb_US_2003_[2025-09-05].zip,371003,34,-100.54139423,32.44624432,558.0236,sample coordinate falls inside this SSURGO map-unit polygon
TX,Parker,Bob Elder WTP,,,City of Milsap,Milsap,Microfiltration / reverse osmosis,Drinking water,none,2014,Surface water discharge,Surface water,none,none,none,none,none,none,yes,1255 mg/L TDS equivalent,"MF, cartridge filter, dechlorination, scaling control",148,none,none,none,none,none,"blending, pH adjustment, disinfection",none,none,none,TEXAS FACILITIES,66,skipped,missing_coordinates,,,,,,,,,,missing ACC_X or ACC_Y
TX,Parker,Parker County Special Utility District (SUD) WTP,32.7508893581271,-97.7803434709975,none,Weatherford,Reverse osmosis,Drinking water,0.4,2010,Surface water discharge,none,none,none,none,none,none,none,none,none,none,none,none,none,none,none,none,none,none,none,none,TEXAS FACILITIES,77,matched,polygon_contains,0.000000,TX367,TX367,/home/kdd1/jliu/Water_Hub/Soil_data/public_data_ssurgo_zips/TX367/wss_SSA_TX367_soildb_US_2003_[2025-09-05].zip,390877,DwD,-97.78399780,32.75110241,63.2518,sample coordinate falls inside this SSURGO map-unit polygon
TX,Stephens,Stephans Regional SUD WTP,32.7623048301296,-98.9450629650035,Stephens Regional Special Utility District,Breckenridge,Reverse osmosis,Drinking water,0.4,2010,Evaporation pond,Surface water (lake),none,none,none,none,none,none,none,none,none,none,none,none,none,none,none,none,none,none,none,TEXAS FACILITIES,74,matched,polygon_contains,0.000000,TX429,TX429,/home/kdd1/jliu/Water_Hub/Soil_data/public_data_ssurgo_zips/TX429/wss_SSA_TX429_soildb_US_2003_[2025-09-04].zip,372224,TrB,-98.91997985,32.76483966,1067.0219,sample coordinate falls inside this SSURGO map-unit polygon
TX,Wheeler,City of Wheeler TP,35.4433046029124,-100.271908673987,City of Wheeler,Wheeler,Reverse osmosis,Drinking water,0.5,2016,Land application (available for watering job locations and roads),Groundwater,nitrates,none,0.5,none,none,none,yes,depends on wells uses; 480-576 mg/L TDS equivalent,"antiscalant, cartridge filters",127-140,75,15 µS/cm,target based on nitrate level,8.40277777777778E-02,bypass,chlorine,on original membranes,with concentrate,none,TEXAS FACILITIES,61,matched,polygon_contains,0.000000,TX483,TX483,/home/kdd1/jliu/Water_Hub/Soil_data/public_data_ssurgo_zips/TX483/wss_SSA_TX483_soildb_US_2003_[2025-09-05].zip,373299,GfB,-100.27242646,35.44226662,209.6034,sample coordinate falls inside this SSURGO map-unit polygon
UT,none,Southwest GW Treatment Plant,40.6017610428644,-111.925716451212,Jordan Valley Water Conservation District,none,Reverse osmosis,Drinking water,8.25,2012,Surface water discharge (to Great Salt Lake),Groundwater,"sulfate, total dissolved solids",none,8.25; currently limited to 5.5,4,7.5,5.5,yes,800 mg/L TDS equivalent,"antiscalant, cartridge filters",130 -190,80,none,225 mg/l,4 : 1.5,bypass after 1µ cartridge filter,"caustic, disinfection",lead elements replaced after ~ 5 years,sewer,none,Sheet1_table_04,108,matched,polygon_contains,0.000000,UT612,UT612,/home/kdd1/jliu/Water_Hub/Soil_data/public_data_ssurgo_zips/UT612/wss_SSA_UT612_soildb_UT_2003_[2025-08-26].zip,482926,HtF2,-111.92377857,40.59537145,85.7740,sample coordinate falls inside this SSURGO map-unit polygon
